순위,팀명,AVG,BB,IBB,HBP,SO,GDP,SLG,OBP,OPS,MH,RISP,PH-BA
8,KIA,0.267,579,27,66,890,112,0.42700000000000005,0.35700000000000004,0.784,132,0.278,0.262
3,LG,0.278,552,28,49,781,124,0.413,0.36,0.773,133,0.265,0.261
1,SK,0.285,552,16,84,892,103,0.45299999999999996,0.369,0.8220000000000001,133,0.256,0.294
2,두산,0.28,522,21,86,849,128,0.42,0.36200000000000004,0.782,133,0.284,0.157
4,롯데,0.27699999999999997,456,9,68,816,121,0.423,0.35,0.773,133,0.273,0.188
5,삼성,0.275,584,23,67,789,108,0.43200000000000005,0.364,0.7959999999999999,133,0.275,0.266
7,한화,0.26899999999999996,498,16,81,1017,126,0.426,0.348,0.774,133,0.264,0.258
6,히어로즈,0.272,547,24,63,905,116,0.434,0.35600000000000004,0.79,133,0.26,0.19899999999999998
