¼øÀ§,ÆÀ¸í,AVG,BB,IBB,HBP,SO,GDP,SLG,OBP,OPS,MH,RISP,PH-BA
5,KIA,0.28800000000000003,416,11,62,870,95,0.43700000000000006,0.355,0.792,128,0.258,0.235
9,LG,0.27899999999999997,524,17,63,817,112,0.4,0.361,0.7609999999999999,127,0.29,0.20199999999999999
8,NC,0.282,443,9,67,918,90,0.447,0.353,0.8,127,0.3,0.257
4,SK,0.29100000000000004,447,12,72,926,92,0.434,0.361,0.795,128,0.301,0.305
2,³Ø¼¾,0.298,523,10,101,849,100,0.509,0.382,0.8909999999999999,128,0.28600000000000003,0.233
3,µÎ»ê,0.293,468,10,64,731,103,0.431,0.366,0.797,128,0.282,0.19399999999999998
6,·Ôµ¥,0.287,534,19,70,964,95,0.436,0.369,0.805,127,0.28300000000000003,0.245
1,»ï¼º,0.301,507,11,62,743,88,0.473,0.377,0.85,128,0.327,0.223
7,ÇÑÈ­,0.28300000000000003,490,5,55,839,125,0.415,0.359,0.774,128,0.266,0.221
